filename,cd_alg,pc_alpha,graph_p_threshold,velocity_angle,velocity_magnitude,react_rate,init_concentration,t_max,diff_coefs_serial,M-Stencil Angle Difference,angle_error_exceeds_45
ADR_circle_0.0_0.0_50_0.2_0.2_1.0_1.0_constant_0.5000000000000001_0.8660254037844386_1_1.0_0.02_3.0_1.0_100_50_0.0_0.8_101_stencil_results_0.01_0.01_0.0_pc.pkl,pc,0.01,0.01,60,1.0,1.0,50,0.8,0.2,26.541021626228314,False
ADR_circle_0.0_0.0_50_0.4_0.4_1.0_1.0_constant_1.7677669529663689_1.7677669529663687_1_1.0_0.02_3.0_1.0_100_50_0.0_0.8_101_stencil_results_0.01_0.01_0.0_pc.pkl,pc,0.01,0.01,45,2.5,1.0,50,0.8,0.4,0.0,False
ADR_circle_0.0_0.0_50_0.1_0.1_1.0_1.0_constant_2.0_0.0_1_1.0_0.02_3.0_1.0_100_50_0.0_0.8_101_stencil_results_0.01_0.01_0.0_pc.pkl,pc,0.01,0.01,0,2.0,1.0,50,0.8,0.1,0.0006553945169969211,False
ADR_circle_0.0_0.0_50_0.4_0.4_1.0_1.0_constant_2.0_0.0_1_1.0_0.02_3.0_1.0_100_50_0.0_0.8_101_stencil_results_0.01_0.01_0.0_pc.pkl,pc,0.01,0.01,0,2.0,1.0,50,0.8,0.4,0.9790416587148343,False
ADR_circle_0.0_0.0_50_0.005_0.005_1.0_1.0_constant_2.8284271247461903_2.82842712474619_1_1.0_0.02_3.0_1.0_100_50_0.0_0.8_101_stencil_results_0.01_0.01_0.0_pc.pkl,pc,0.01,0.01,45,4.0,1.0,50,0.8,0.005,0.0,False
ADR_circle_0.0_0.0_50_0.05_0.05_1.0_1.0_constant_1.035276180410083_3.8637033051562732_1_1.0_0.02_3.0_1.0_100_50_0.0_0.8_101_stencil_results_0.01_0.01_0.0_pc.pkl,pc,0.01,0.01,75,4.0,1.0,50,0.8,0.05,67.8644179747948,True
ADR_circle_0.0_0.0_50_0.4_0.4_1.0_1.0_constant_1.2500000000000002_2.1650635094610964_1_1.0_0.02_3.0_1.0_100_50_0.0_0.8_101_stencil_results_0.01_0.01_0.0_pc.pkl,pc,0.01,0.01,60,2.5,1.0,50,0.8,0.4,37.20282562200666,False
ADR_circle_0.0_0.0_50_0.01_0.01_1.0_1.0_constant_1.5000000000000004_2.598076211353316_1_1.0_0.02_3.0_1.0_100_50_0.0_0.8_101_stencil_results_0.01_0.01_0.0_pc.pkl,pc,0.01,0.01,60,3.0,1.0,50,0.8,0.01,13.077194731302313,False
ADR_circle_0.0_0.0_50_0.005_0.005_1.0_1.0_constant_0.25881904510252074_0.9659258262890683_1_1.0_0.02_3.0_1.0_100_50_0.0_0.8_101_stencil_results_0.01_0.01_0.0_pc.pkl,pc,0.01,0.01,75,1.0,1.0,50,0.8,0.005,13.488431744944194,False
ADR_circle_0.0_0.0_50_0.005_0.005_1.0_1.0_constant_2.165063509461097_1.2499999999999998_1_1.0_0.02_3.0_1.0_100_50_0.0_0.8_101_stencil_results_0.01_0.01_0.0_pc.pkl,pc,0.01,0.01,30,2.5,1.0,50,0.8,0.005,9.154537883414207,False
ADR_circle_0.0_0.0_50_0.05_0.05_1.0_1.0_constant_2.0_0.0_1_1.0_0.02_3.0_1.0_100_50_0.0_0.8_101_stencil_results_0.01_0.01_0.0_pc.pkl,pc,0.01,0.01,0,2.0,1.0,50,0.8,0.05,179.97592888058148,True
ADR_circle_0.0_0.0_50_0.4_0.4_1.0_1.0_constant_0.8660254037844387_0.49999999999999994_1_1.0_0.02_3.0_1.0_100_50_0.0_0.8_101_stencil_results_0.01_0.01_0.0_pc.pkl,pc,0.01,0.01,30,1.0,1.0,50,0.8,0.4,105.88966953193417,True
ADR_circle_0.0_0.0_50_0.05_0.05_1.0_1.0_constant_1.4142135623730951_1.414213562373095_1_1.0_0.02_3.0_1.0_100_50_0.0_0.8_101_stencil_results_0.01_0.01_0.0_pc.pkl,pc,0.01,0.01,45,2.0,1.0,50,0.8,0.05,179.89467231322882,True
ADR_circle_0.0_0.0_50_0.01_0.01_1.0_1.0_constant_0.5000000000000001_0.8660254037844386_1_1.0_0.02_3.0_1.0_100_50_0.0_0.8_101_stencil_results_0.01_0.01_0.0_pc.pkl,pc,0.01,0.01,60,1.0,1.0,50,0.8,0.01,45.75699901193582,True
ADR_circle_0.0_0.0_50_0.01_0.01_1.0_1.0_constant_6.123233995736766e-17_1.0_1_1.0_0.02_3.0_1.0_100_50_0.0_0.8_101_stencil_results_0.01_0.01_0.0_pc.pkl,pc,0.01,0.01,90,1.0,1.0,50,0.8,0.01,0.0,False
ADR_circle_0.0_0.0_50_0.2_0.2_1.0_1.0_constant_1.5000000000000004_2.598076211353316_1_1.0_0.02_3.0_1.0_100_50_0.0_0.8_101_stencil_results_0.01_0.01_0.0_pc.pkl,pc,0.01,0.01,60,3.0,1.0,50,0.8,0.2,14.916465780090618,False
ADR_circle_0.0_0.0_50_0.4_0.4_1.0_1.0_constant_1.7320508075688774_0.9999999999999999_1_1.0_0.02_3.0_1.0_100_50_0.0_0.8_101_stencil_results_0.01_0.01_0.0_pc.pkl,pc,0.01,0.01,30,2.0,1.0,50,0.8,0.4,34.474903186958386,False
ADR_circle_0.0_0.0_50_0.01_0.01_1.0_1.0_constant_1.0_0.0_1_1.0_0.02_3.0_1.0_100_50_0.0_0.8_101_stencil_results_0.01_0.01_0.0_pc.pkl,pc,0.01,0.01,0,1.0,1.0,50,0.8,0.01,0.0,False
ADR_circle_0.0_0.0_50_0.4_0.4_1.0_1.0_constant_0.6470476127563018_2.4148145657226707_1_1.0_0.02_3.0_1.0_100_50_0.0_0.8_101_stencil_results_0.01_0.01_0.0_pc.pkl,pc,0.01,0.01,75,2.5,1.0,50,0.8,0.4,24.318467836597392,False
ADR_circle_0.0_0.0_50_0.4_0.4_1.0_1.0_constant_1.9318516525781366_0.5176380902050415_1_1.0_0.02_3.0_1.0_100_50_0.0_0.8_101_stencil_results_0.01_0.01_0.0_pc.pkl,pc,0.01,0.01,15,2.0,1.0,50,0.8,0.4,61.037282208877116,True
ADR_circle_0.0_0.0_50_0.2_0.2_1.0_1.0_constant_2.5_0.0_1_1.0_0.02_3.0_1.0_100_50_0.0_0.8_101_stencil_results_0.01_0.01_0.0_pc.pkl,pc,0.01,0.01,0,2.5,1.0,50,0.8,0.2,0.0013182104779616566,False
ADR_circle_0.0_0.0_50_0.1_0.1_1.0_1.0_constant_0.25881904510252074_0.9659258262890683_1_1.0_0.02_3.0_1.0_100_50_0.0_0.8_101_stencil_results_0.01_0.01_0.0_pc.pkl,pc,0.01,0.01,75,1.0,1.0,50,0.8,0.1,15.0,False
ADR_circle_0.0_0.0_50_0.2_0.2_1.0_1.0_constant_2.8284271247461903_2.82842712474619_1_1.0_0.02_3.0_1.0_100_50_0.0_0.8_101_stencil_results_0.01_0.01_0.0_pc.pkl,pc,0.01,0.01,45,4.0,1.0,50,0.8,0.2,0.0,False
ADR_circle_0.0_0.0_50_0.1_0.1_1.0_1.0_constant_0.7500000000000002_1.299038105676658_1_1.0_0.02_3.0_1.0_100_50_0.0_0.8_101_stencil_results_0.01_0.01_0.0_pc.pkl,pc,0.01,0.01,60,1.5,1.0,50,0.8,0.1,25.199977610435695,False
ADR_circle_0.0_0.0_50_0.1_0.1_1.0_1.0_constant_1.8369701987210297e-16_3.0_1_1.0_0.02_3.0_1.0_100_50_0.0_0.8_101_stencil_results_0.01_0.01_0.0_pc.pkl,pc,0.01,0.01,90,3.0,1.0,50,0.8,0.1,4.0125092539256e-05,False
ADR_circle_0.0_0.0_50_0.4_0.4_1.0_1.0_constant_1.5_0.0_1_1.0_0.02_3.0_1.0_100_50_0.0_0.8_101_stencil_results_0.01_0.01_0.0_pc.pkl,pc,0.01,0.01,0,1.5,1.0,50,0.8,0.4,0.11510525901127266,False
ADR_circle_0.0_0.0_50_0.4_0.4_1.0_1.0_constant_0.7500000000000002_1.299038105676658_1_1.0_0.02_3.0_1.0_100_50_0.0_0.8_101_stencil_results_0.01_0.01_0.0_pc.pkl,pc,0.01,0.01,60,1.5,1.0,50,0.8,0.4,12.36478126514396,False
ADR_circle_0.0_0.0_50_0.1_0.1_1.0_1.0_constant_1.5_0.0_1_1.0_0.02_3.0_1.0_100_50_0.0_0.8_101_stencil_results_0.01_0.01_0.0_pc.pkl,pc,0.01,0.01,0,1.5,1.0,50,0.8,0.1,0.0,False
ADR_circle_0.0_0.0_50_0.1_0.1_1.0_1.0_constant_0.5176380902050415_1.9318516525781366_1_1.0_0.02_3.0_1.0_100_50_0.0_0.8_101_stencil_results_0.01_0.01_0.0_pc.pkl,pc,0.01,0.01,75,2.0,1.0,50,0.8,0.1,6.458230469756359,False
ADR_circle_0.0_0.0_50_0.005_0.005_1.0_1.0_constant_3.8637033051562732_1.035276180410083_1_1.0_0.02_3.0_1.0_100_50_0.0_0.8_101_stencil_results_0.01_0.01_0.0_pc.pkl,pc,0.01,0.01,15,4.0,1.0,50,0.8,0.005,16.06988227057127,False
ADR_circle_0.0_0.0_50_0.2_0.2_1.0_1.0_constant_1.0_0.0_1_1.0_0.02_3.0_1.0_100_50_0.0_0.8_101_stencil_results_0.01_0.01_0.0_pc.pkl,pc,0.01,0.01,0,1.0,1.0,50,0.8,0.2,179.99999999999994,True
ADR_circle_0.0_0.0_50_0.4_0.4_1.0_1.0_constant_1.4488887394336025_0.3882285676537811_1_1.0_0.02_3.0_1.0_100_50_0.0_0.8_101_stencil_results_0.01_0.01_0.0_pc.pkl,pc,0.01,0.01,15,1.5,1.0,50,0.8,0.4,6.9879425638523855,False
ADR_circle_0.0_0.0_50_0.05_0.05_1.0_1.0_constant_3.464101615137755_1.9999999999999998_1_1.0_0.02_3.0_1.0_100_50_0.0_0.8_101_stencil_results_0.01_0.01_0.0_pc.pkl,pc,0.01,0.01,30,4.0,1.0,50,0.8,0.05,15.206104087826333,False
ADR_circle_0.0_0.0_50_0.01_0.01_1.0_1.0_constant_2.5_0.0_1_1.0_0.02_3.0_1.0_100_50_0.0_0.8_101_stencil_results_0.01_0.01_0.0_pc.pkl,pc,0.01,0.01,0,2.5,1.0,50,0.8,0.01,0.0,False
ADR_circle_0.0_0.0_50_0.1_0.1_1.0_1.0_constant_1.0000000000000002_1.7320508075688772_1_1.0_0.02_3.0_1.0_100_50_0.0_0.8_101_stencil_results_0.01_0.01_0.0_pc.pkl,pc,0.01,0.01,60,2.0,1.0,50,0.8,0.1,3.5517264797427117,False
ADR_circle_0.0_0.0_50_0.1_0.1_1.0_1.0_constant_2.4148145657226707_0.6470476127563018_1_1.0_0.02_3.0_1.0_100_50_0.0_0.8_101_stencil_results_0.01_0.01_0.0_pc.pkl,pc,0.01,0.01,15,2.5,1.0,50,0.8,0.1,50.53745388857149,True
ADR_circle_0.0_0.0_50_0.05_0.05_1.0_1.0_constant_1.5_0.0_1_1.0_0.02_3.0_1.0_100_50_0.0_0.8_101_stencil_results_0.01_0.01_0.0_pc.pkl,pc,0.01,0.01,0,1.5,1.0,50,0.8,0.05,0.03703605109558339,False
ADR_circle_0.0_0.0_50_0.01_0.01_1.0_1.0_constant_1.4142135623730951_1.414213562373095_1_1.0_0.02_3.0_1.0_100_50_0.0_0.8_101_stencil_results_0.01_0.01_0.0_pc.pkl,pc,0.01,0.01,45,2.0,1.0,50,0.8,0.01,0.0,False
ADR_circle_0.0_0.0_50_0.2_0.2_1.0_1.0_constant_1.035276180410083_3.8637033051562732_1_1.0_0.02_3.0_1.0_100_50_0.0_0.8_101_stencil_results_0.01_0.01_0.0_pc.pkl,pc,0.01,0.01,75,4.0,1.0,50,0.8,0.2,21.530508750803676,False
ADR_circle_0.0_0.0_50_0.005_0.005_1.0_1.0_constant_0.7764571353075622_2.897777478867205_1_1.0_0.02_3.0_1.0_100_50_0.0_0.8_101_stencil_results_0.01_0.01_0.0_pc.pkl,pc,0.01,0.01,75,3.0,1.0,50,0.8,0.005,14.551712615536474,False
ADR_circle_0.0_0.0_50_0.05_0.05_1.0_1.0_constant_0.5176380902050415_1.9318516525781366_1_1.0_0.02_3.0_1.0_100_50_0.0_0.8_101_stencil_results_0.01_0.01_0.0_pc.pkl,pc,0.01,0.01,75,2.0,1.0,50,0.8,0.05,5.034983501188378,False
ADR_circle_0.0_0.0_50_0.4_0.4_1.0_1.0_constant_2.0000000000000004_3.4641016151377544_1_1.0_0.02_3.0_1.0_100_50_0.0_0.8_101_stencil_results_0.01_0.01_0.0_pc.pkl,pc,0.01,0.01,60,4.0,1.0,50,0.8,0.4,86.52077633700893,True
ADR_circle_0.0_0.0_50_0.01_0.01_1.0_1.0_constant_1.035276180410083_3.8637033051562732_1_1.0_0.02_3.0_1.0_100_50_0.0_0.8_101_stencil_results_0.01_0.01_0.0_pc.pkl,pc,0.01,0.01,75,4.0,1.0,50,0.8,0.01,4.804519942414743,False
ADR_circle_0.0_0.0_50_0.2_0.2_1.0_1.0_constant_1.4142135623730951_1.414213562373095_1_1.0_0.02_3.0_1.0_100_50_0.0_0.8_101_stencil_results_0.01_0.01_0.0_pc.pkl,pc,0.01,0.01,45,2.0,1.0,50,0.8,0.2,0.09822565408109085,False
ADR_circle_0.0_0.0_50_0.05_0.05_1.0_1.0_constant_1.5000000000000004_2.598076211353316_1_1.0_0.02_3.0_1.0_100_50_0.0_0.8_101_stencil_results_0.01_0.01_0.0_pc.pkl,pc,0.01,0.01,60,3.0,1.0,50,0.8,0.05,1.9278112327535553,False
ADR_circle_0.0_0.0_50_0.01_0.01_1.0_1.0_constant_9.184850993605148e-17_1.5_1_1.0_0.02_3.0_1.0_100_50_0.0_0.8_101_stencil_results_0.01_0.01_0.0_pc.pkl,pc,0.01,0.01,90,1.5,1.0,50,0.8,0.01,0.00014668267323258988,False
ADR_circle_0.0_0.0_50_0.05_0.05_1.0_1.0_constant_1.0000000000000002_1.7320508075688772_1_1.0_0.02_3.0_1.0_100_50_0.0_0.8_101_stencil_results_0.01_0.01_0.0_pc.pkl,pc,0.01,0.01,60,2.0,1.0,50,0.8,0.05,4.149229907120258,False
ADR_circle_0.0_0.0_50_0.05_0.05_1.0_1.0_constant_2.4148145657226707_0.6470476127563018_1_1.0_0.02_3.0_1.0_100_50_0.0_0.8_101_stencil_results_0.01_0.01_0.0_pc.pkl,pc,0.01,0.01,15,2.5,1.0,50,0.8,0.05,2.9252362779529903,False
ADR_circle_0.0_0.0_50_0.4_0.4_1.0_1.0_constant_3.0_0.0_1_1.0_0.02_3.0_1.0_100_50_0.0_0.8_101_stencil_results_0.01_0.01_0.0_pc.pkl,pc,0.01,0.01,0,3.0,1.0,50,0.8,0.4,0.05008502799108783,False
ADR_circle_0.0_0.0_50_0.005_0.005_1.0_1.0_constant_1.0000000000000002_1.7320508075688772_1_1.0_0.02_3.0_1.0_100_50_0.0_0.8_101_stencil_results_0.01_0.01_0.0_pc.pkl,pc,0.01,0.01,60,2.0,1.0,50,0.8,0.005,37.08676941570741,False
ADR_circle_0.0_0.0_50_0.1_0.1_1.0_1.0_constant_3.0_0.0_1_1.0_0.02_3.0_1.0_100_50_0.0_0.8_101_stencil_results_0.01_0.01_0.0_pc.pkl,pc,0.01,0.01,0,3.0,1.0,50,0.8,0.1,0.00023496326440408666,False
ADR_circle_0.0_0.0_50_0.005_0.005_1.0_1.0_constant_2.4148145657226707_0.6470476127563018_1_1.0_0.02_3.0_1.0_100_50_0.0_0.8_101_stencil_results_0.01_0.01_0.0_pc.pkl,pc,0.01,0.01,15,2.5,1.0,50,0.8,0.005,14.348523425128178,False
ADR_circle_0.0_0.0_50_0.2_0.2_1.0_1.0_constant_0.3882285676537811_1.4488887394336025_1_1.0_0.02_3.0_1.0_100_50_0.0_0.8_101_stencil_results_0.01_0.01_0.0_pc.pkl,pc,0.01,0.01,75,1.5,1.0,50,0.8,0.2,52.849369635228996,True
ADR_circle_0.0_0.0_50_0.01_0.01_1.0_1.0_constant_3.464101615137755_1.9999999999999998_1_1.0_0.02_3.0_1.0_100_50_0.0_0.8_101_stencil_results_0.01_0.01_0.0_pc.pkl,pc,0.01,0.01,30,4.0,1.0,50,0.8,0.01,2.3375360726700194,False
ADR_circle_0.0_0.0_50_0.01_0.01_1.0_1.0_constant_0.7071067811865476_0.7071067811865475_1_1.0_0.02_3.0_1.0_100_50_0.0_0.8_101_stencil_results_0.01_0.01_0.0_pc.pkl,pc,0.01,0.01,45,1.0,1.0,50,0.8,0.01,0.0,False
ADR_circle_0.0_0.0_50_0.2_0.2_1.0_1.0_constant_3.464101615137755_1.9999999999999998_1_1.0_0.02_3.0_1.0_100_50_0.0_0.8_101_stencil_results_0.01_0.01_0.0_pc.pkl,pc,0.01,0.01,30,4.0,1.0,50,0.8,0.2,9.005693183011033,False
ADR_circle_0.0_0.0_50_0.01_0.01_1.0_1.0_constant_2.4492935982947064e-16_4.0_1_1.0_0.02_3.0_1.0_100_50_0.0_0.8_101_stencil_results_0.01_0.01_0.0_pc.pkl,pc,0.01,0.01,90,4.0,1.0,50,0.8,0.01,0.0,False
ADR_circle_0.0_0.0_50_0.005_0.005_1.0_1.0_constant_0.5176380902050415_1.9318516525781366_1_1.0_0.02_3.0_1.0_100_50_0.0_0.8_101_stencil_results_0.01_0.01_0.0_pc.pkl,pc,0.01,0.01,75,2.0,1.0,50,0.8,0.005,13.687166738701762,False
ADR_circle_0.0_0.0_50_0.05_0.05_1.0_1.0_constant_3.0_0.0_1_1.0_0.02_3.0_1.0_100_50_0.0_0.8_101_stencil_results_0.01_0.01_0.0_pc.pkl,pc,0.01,0.01,0,3.0,1.0,50,0.8,0.05,0.21872827133483952,False
ADR_circle_0.0_0.0_50_0.1_0.1_1.0_1.0_constant_0.8660254037844387_0.49999999999999994_1_1.0_0.02_3.0_1.0_100_50_0.0_0.8_101_stencil_results_0.01_0.01_0.0_pc.pkl,pc,0.01,0.01,30,1.0,1.0,50,0.8,0.1,50.60718189095684,True
ADR_circle_0.0_0.0_50_0.005_0.005_1.0_1.0_constant_0.8660254037844387_0.49999999999999994_1_1.0_0.02_3.0_1.0_100_50_0.0_0.8_101_stencil_results_0.01_0.01_0.0_pc.pkl,pc,0.01,0.01,30,1.0,1.0,50,0.8,0.005,13.20138433657263,False
ADR_circle_0.0_0.0_50_0.01_0.01_1.0_1.0_constant_1.5308084989341916e-16_2.5_1_1.0_0.02_3.0_1.0_100_50_0.0_0.8_101_stencil_results_0.01_0.01_0.0_pc.pkl,pc,0.01,0.01,90,2.5,1.0,50,0.8,0.01,0.0,False
ADR_circle_0.0_0.0_50_0.2_0.2_1.0_1.0_constant_0.7071067811865476_0.7071067811865475_1_1.0_0.02_3.0_1.0_100_50_0.0_0.8_101_stencil_results_0.01_0.01_0.0_pc.pkl,pc,0.01,0.01,45,1.0,1.0,50,0.8,0.2,0.39727934627632067,False
ADR_circle_0.0_0.0_50_0.05_0.05_1.0_1.0_constant_1.2246467991473532e-16_2.0_1_1.0_0.02_3.0_1.0_100_50_0.0_0.8_101_stencil_results_0.01_0.01_0.0_pc.pkl,pc,0.01,0.01,90,2.0,1.0,50,0.8,0.05,179.9966031556616,True
ADR_circle_0.0_0.0_50_0.4_0.4_1.0_1.0_constant_0.25881904510252074_0.9659258262890683_1_1.0_0.02_3.0_1.0_100_50_0.0_0.8_101_stencil_results_0.01_0.01_0.0_pc.pkl,pc,0.01,0.01,75,1.0,1.0,50,0.8,0.4,28.443543393828634,False
ADR_circle_0.0_0.0_50_0.01_0.01_1.0_1.0_constant_0.3882285676537811_1.4488887394336025_1_1.0_0.02_3.0_1.0_100_50_0.0_0.8_101_stencil_results_0.01_0.01_0.0_pc.pkl,pc,0.01,0.01,75,1.5,1.0,50,0.8,0.01,12.500336720726807,False
ADR_circle_0.0_0.0_50_0.005_0.005_1.0_1.0_constant_0.7071067811865476_0.7071067811865475_1_1.0_0.02_3.0_1.0_100_50_0.0_0.8_101_stencil_results_0.01_0.01_0.0_pc.pkl,pc,0.01,0.01,45,1.0,1.0,50,0.8,0.005,0.0,False
ADR_circle_0.0_0.0_50_0.01_0.01_1.0_1.0_constant_0.8660254037844387_0.49999999999999994_1_1.0_0.02_3.0_1.0_100_50_0.0_0.8_101_stencil_results_0.01_0.01_0.0_pc.pkl,pc,0.01,0.01,30,1.0,1.0,50,0.8,0.01,45.79024705500069,True
ADR_circle_0.0_0.0_50_0.01_0.01_1.0_1.0_constant_2.4148145657226707_0.6470476127563018_1_1.0_0.02_3.0_1.0_100_50_0.0_0.8_101_stencil_results_0.01_0.01_0.0_pc.pkl,pc,0.01,0.01,15,2.5,1.0,50,0.8,0.01,13.886020922364452,False
ADR_circle_0.0_0.0_50_0.05_0.05_1.0_1.0_constant_0.7764571353075622_2.897777478867205_1_1.0_0.02_3.0_1.0_100_50_0.0_0.8_101_stencil_results_0.01_0.01_0.0_pc.pkl,pc,0.01,0.01,75,3.0,1.0,50,0.8,0.05,22.76043075765955,False
ADR_circle_0.0_0.0_50_0.01_0.01_1.0_1.0_constant_2.165063509461097_1.2499999999999998_1_1.0_0.02_3.0_1.0_100_50_0.0_0.8_101_stencil_results_0.01_0.01_0.0_pc.pkl,pc,0.01,0.01,30,2.5,1.0,50,0.8,0.01,9.089418012950176,False
ADR_circle_0.0_0.0_50_0.01_0.01_1.0_1.0_constant_1.0000000000000002_1.7320508075688772_1_1.0_0.02_3.0_1.0_100_50_0.0_0.8_101_stencil_results_0.01_0.01_0.0_pc.pkl,pc,0.01,0.01,60,2.0,1.0,50,0.8,0.01,4.005968663518416,False
ADR_circle_0.0_0.0_50_0.2_0.2_1.0_1.0_constant_0.5176380902050415_1.9318516525781366_1_1.0_0.02_3.0_1.0_100_50_0.0_0.8_101_stencil_results_0.01_0.01_0.0_pc.pkl,pc,0.01,0.01,75,2.0,1.0,50,0.8,0.2,4.8779880389330685,False
ADR_circle_0.0_0.0_50_0.005_0.005_1.0_1.0_constant_1.2246467991473532e-16_2.0_1_1.0_0.02_3.0_1.0_100_50_0.0_0.8_101_stencil_results_0.01_0.01_0.0_pc.pkl,pc,0.01,0.01,90,2.0,1.0,50,0.8,0.005,0.0,False
ADR_circle_0.0_0.0_50_0.4_0.4_1.0_1.0_constant_1.299038105676658_0.7499999999999999_1_1.0_0.02_3.0_1.0_100_50_0.0_0.8_101_stencil_results_0.01_0.01_0.0_pc.pkl,pc,0.01,0.01,30,1.5,1.0,50,0.8,0.4,12.350255066441747,False
ADR_circle_0.0_0.0_50_0.005_0.005_1.0_1.0_constant_1.5000000000000004_2.598076211353316_1_1.0_0.02_3.0_1.0_100_50_0.0_0.8_101_stencil_results_0.01_0.01_0.0_pc.pkl,pc,0.01,0.01,60,3.0,1.0,50,0.8,0.005,10.676857019584077,False
ADR_circle_0.0_0.0_50_0.005_0.005_1.0_1.0_constant_0.3882285676537811_1.4488887394336025_1_1.0_0.02_3.0_1.0_100_50_0.0_0.8_101_stencil_results_0.01_0.01_0.0_pc.pkl,pc,0.01,0.01,75,1.5,1.0,50,0.8,0.005,12.758546882165604,False
ADR_circle_0.0_0.0_50_0.2_0.2_1.0_1.0_constant_2.165063509461097_1.2499999999999998_1_1.0_0.02_3.0_1.0_100_50_0.0_0.8_101_stencil_results_0.01_0.01_0.0_pc.pkl,pc,0.01,0.01,30,2.5,1.0,50,0.8,0.2,7.1580453236286985,False
ADR_circle_0.0_0.0_50_0.2_0.2_1.0_1.0_constant_0.9659258262890683_0.25881904510252074_1_1.0_0.02_3.0_1.0_100_50_0.0_0.8_101_stencil_results_0.01_0.01_0.0_pc.pkl,pc,0.01,0.01,15,1.0,1.0,50,0.8,0.2,28.51287035123579,False
ADR_circle_0.0_0.0_50_0.2_0.2_1.0_1.0_constant_1.0000000000000002_1.7320508075688772_1_1.0_0.02_3.0_1.0_100_50_0.0_0.8_101_stencil_results_0.01_0.01_0.0_pc.pkl,pc,0.01,0.01,60,2.0,1.0,50,0.8,0.2,36.59236547342405,False
ADR_circle_0.0_0.0_50_0.01_0.01_1.0_1.0_constant_0.5176380902050415_1.9318516525781366_1_1.0_0.02_3.0_1.0_100_50_0.0_0.8_101_stencil_results_0.01_0.01_0.0_pc.pkl,pc,0.01,0.01,75,2.0,1.0,50,0.8,0.01,14.63777049309141,False
ADR_circle_0.0_0.0_50_0.1_0.1_1.0_1.0_constant_1.299038105676658_0.7499999999999999_1_1.0_0.02_3.0_1.0_100_50_0.0_0.8_101_stencil_results_0.01_0.01_0.0_pc.pkl,pc,0.01,0.01,30,1.5,1.0,50,0.8,0.1,25.2816435391739,False
ADR_circle_0.0_0.0_50_0.2_0.2_1.0_1.0_constant_2.4148145657226707_0.6470476127563018_1_1.0_0.02_3.0_1.0_100_50_0.0_0.8_101_stencil_results_0.01_0.01_0.0_pc.pkl,pc,0.01,0.01,15,2.5,1.0,50,0.8,0.2,7.099261111776173,False
ADR_circle_0.0_0.0_50_0.005_0.005_1.0_1.0_constant_2.5_0.0_1_1.0_0.02_3.0_1.0_100_50_0.0_0.8_101_stencil_results_0.01_0.01_0.0_pc.pkl,pc,0.01,0.01,0,2.5,1.0,50,0.8,0.005,0.0,False
ADR_circle_0.0_0.0_50_0.1_0.1_1.0_1.0_constant_0.5000000000000001_0.8660254037844386_1_1.0_0.02_3.0_1.0_100_50_0.0_0.8_101_stencil_results_0.01_0.01_0.0_pc.pkl,pc,0.01,0.01,60,1.0,1.0,50,0.8,0.1,50.453585970028655,True
ADR_circle_0.0_0.0_50_0.1_0.1_1.0_1.0_constant_2.4492935982947064e-16_4.0_1_1.0_0.02_3.0_1.0_100_50_0.0_0.8_101_stencil_results_0.01_0.01_0.0_pc.pkl,pc,0.01,0.01,90,4.0,1.0,50,0.8,0.1,0.0,False
ADR_circle_0.0_0.0_50_0.4_0.4_1.0_1.0_constant_1.2246467991473532e-16_2.0_1_1.0_0.02_3.0_1.0_100_50_0.0_0.8_101_stencil_results_0.01_0.01_0.0_pc.pkl,pc,0.01,0.01,90,2.0,1.0,50,0.8,0.4,0.7703375565005217,False
ADR_circle_0.0_0.0_50_0.05_0.05_1.0_1.0_constant_0.3882285676537811_1.4488887394336025_1_1.0_0.02_3.0_1.0_100_50_0.0_0.8_101_stencil_results_0.01_0.01_0.0_pc.pkl,pc,0.01,0.01,75,1.5,1.0,50,0.8,0.05,23.729125423807574,False
ADR_circle_0.0_0.0_50_0.005_0.005_1.0_1.0_constant_6.123233995736766e-17_1.0_1_1.0_0.02_3.0_1.0_100_50_0.0_0.8_101_stencil_results_0.01_0.01_0.0_pc.pkl,pc,0.01,0.01,90,1.0,1.0,50,0.8,0.005,0.0,False
ADR_circle_0.0_0.0_50_0.1_0.1_1.0_1.0_constant_1.5308084989341916e-16_2.5_1_1.0_0.02_3.0_1.0_100_50_0.0_0.8_101_stencil_results_0.01_0.01_0.0_pc.pkl,pc,0.01,0.01,90,2.5,1.0,50,0.8,0.1,0.0009402670116855916,False
ADR_circle_0.0_0.0_50_0.01_0.01_1.0_1.0_constant_3.8637033051562732_1.035276180410083_1_1.0_0.02_3.0_1.0_100_50_0.0_0.8_101_stencil_results_0.01_0.01_0.0_pc.pkl,pc,0.01,0.01,15,4.0,1.0,50,0.8,0.01,4.783893342683768,False
ADR_circle_0.0_0.0_50_0.1_0.1_1.0_1.0_constant_2.598076211353316_1.4999999999999998_1_1.0_0.02_3.0_1.0_100_50_0.0_0.8_101_stencil_results_0.01_0.01_0.0_pc.pkl,pc,0.01,0.01,30,3.0,1.0,50,0.8,0.1,14.79654897832313,False
ADR_circle_0.0_0.0_50_0.2_0.2_1.0_1.0_constant_1.2246467991473532e-16_2.0_1_1.0_0.02_3.0_1.0_100_50_0.0_0.8_101_stencil_results_0.01_0.01_0.0_pc.pkl,pc,0.01,0.01,90,2.0,1.0,50,0.8,0.2,179.9094779366057,True
ADR_circle_0.0_0.0_50_0.005_0.005_1.0_1.0_constant_1.0_0.0_1_1.0_0.02_3.0_1.0_100_50_0.0_0.8_101_stencil_results_0.01_0.01_0.0_pc.pkl,pc,0.01,0.01,0,1.0,1.0,50,0.8,0.005,0.0,False
ADR_circle_0.0_0.0_50_0.4_0.4_1.0_1.0_constant_9.184850993605148e-17_1.5_1_1.0_0.02_3.0_1.0_100_50_0.0_0.8_101_stencil_results_0.01_0.01_0.0_pc.pkl,pc,0.01,0.01,90,1.5,1.0,50,0.8,0.4,0.1936960081133634,False
ADR_circle_0.0_0.0_50_0.2_0.2_1.0_1.0_constant_3.8637033051562732_1.035276180410083_1_1.0_0.02_3.0_1.0_100_50_0.0_0.8_101_stencil_results_0.01_0.01_0.0_pc.pkl,pc,0.01,0.01,15,4.0,1.0,50,0.8,0.2,21.64800995356282,False
ADR_circle_0.0_0.0_50_0.05_0.05_1.0_1.0_constant_0.7071067811865476_0.7071067811865475_1_1.0_0.02_3.0_1.0_100_50_0.0_0.8_101_stencil_results_0.01_0.01_0.0_pc.pkl,pc,0.01,0.01,45,1.0,1.0,50,0.8,0.05,0.15489097745819436,False
ADR_circle_0.0_0.0_50_0.4_0.4_1.0_1.0_constant_2.598076211353316_1.4999999999999998_1_1.0_0.02_3.0_1.0_100_50_0.0_0.8_101_stencil_results_0.01_0.01_0.0_pc.pkl,pc,0.01,0.01,30,3.0,1.0,50,0.8,0.4,0.82174767374201,False
ADR_circle_0.0_0.0_50_0.05_0.05_1.0_1.0_constant_0.5000000000000001_0.8660254037844386_1_1.0_0.02_3.0_1.0_100_50_0.0_0.8_101_stencil_results_0.01_0.01_0.0_pc.pkl,pc,0.01,0.01,60,1.0,1.0,50,0.8,0.05,12.156790047001152,False
ADR_circle_0.0_0.0_50_0.4_0.4_1.0_1.0_constant_2.8284271247461903_2.82842712474619_1_1.0_0.02_3.0_1.0_100_50_0.0_0.8_101_stencil_results_0.01_0.01_0.0_pc.pkl,pc,0.01,0.01,45,4.0,1.0,50,0.8,0.4,0.0,False
ADR_circle_0.0_0.0_50_0.05_0.05_1.0_1.0_constant_0.9659258262890683_0.25881904510252074_1_1.0_0.02_3.0_1.0_100_50_0.0_0.8_101_stencil_results_0.01_0.01_0.0_pc.pkl,pc,0.01,0.01,15,1.0,1.0,50,0.8,0.05,11.454988199218121,False
ADR_circle_0.0_0.0_50_0.1_0.1_1.0_1.0_constant_0.3882285676537811_1.4488887394336025_1_1.0_0.02_3.0_1.0_100_50_0.0_0.8_101_stencil_results_0.01_0.01_0.0_pc.pkl,pc,0.01,0.01,75,1.5,1.0,50,0.8,0.1,11.214738725795655,False
ADR_circle_0.0_0.0_50_0.005_0.005_1.0_1.0_constant_1.035276180410083_3.8637033051562732_1_1.0_0.02_3.0_1.0_100_50_0.0_0.8_101_stencil_results_0.01_0.01_0.0_pc.pkl,pc,0.01,0.01,75,4.0,1.0,50,0.8,0.005,16.006519772349748,False
ADR_circle_0.0_0.0_50_0.4_0.4_1.0_1.0_constant_1.0606601717798214_1.0606601717798212_1_1.0_0.02_3.0_1.0_100_50_0.0_0.8_101_stencil_results_0.01_0.01_0.0_pc.pkl,pc,0.01,0.01,45,1.5,1.0,50,0.8,0.4,179.9999999999999,True
ADR_circle_0.0_0.0_50_0.2_0.2_1.0_1.0_constant_0.7764571353075622_2.897777478867205_1_1.0_0.02_3.0_1.0_100_50_0.0_0.8_101_stencil_results_0.01_0.01_0.0_pc.pkl,pc,0.01,0.01,75,3.0,1.0,50,0.8,0.2,1.4154494507576487,False
ADR_circle_0.0_0.0_50_0.05_0.05_1.0_1.0_constant_2.165063509461097_1.2499999999999998_1_1.0_0.02_3.0_1.0_100_50_0.0_0.8_101_stencil_results_0.01_0.01_0.0_pc.pkl,pc,0.01,0.01,30,2.5,1.0,50,0.8,0.05,14.554752214276306,False
ADR_circle_0.0_0.0_50_0.005_0.005_1.0_1.0_constant_1.4142135623730951_1.414213562373095_1_1.0_0.02_3.0_1.0_100_50_0.0_0.8_101_stencil_results_0.01_0.01_0.0_pc.pkl,pc,0.01,0.01,45,2.0,1.0,50,0.8,0.005,0.0,False
ADR_circle_0.0_0.0_50_0.01_0.01_1.0_1.0_constant_0.7764571353075622_2.897777478867205_1_1.0_0.02_3.0_1.0_100_50_0.0_0.8_101_stencil_results_0.01_0.01_0.0_pc.pkl,pc,0.01,0.01,75,3.0,1.0,50,0.8,0.01,4.0610259859959115,False
ADR_circle_0.0_0.0_50_0.1_0.1_1.0_1.0_constant_0.7071067811865476_0.7071067811865475_1_1.0_0.02_3.0_1.0_100_50_0.0_0.8_101_stencil_results_0.01_0.01_0.0_pc.pkl,pc,0.01,0.01,45,1.0,1.0,50,0.8,0.1,0.372127422523306,False
ADR_circle_0.0_0.0_50_0.1_0.1_1.0_1.0_constant_2.8284271247461903_2.82842712474619_1_1.0_0.02_3.0_1.0_100_50_0.0_0.8_101_stencil_results_0.01_0.01_0.0_pc.pkl,pc,0.01,0.01,45,4.0,1.0,50,0.8,0.1,0.0037616366876136453,False
ADR_circle_0.0_0.0_50_0.4_0.4_1.0_1.0_constant_2.121320343559643_2.1213203435596424_1_1.0_0.02_3.0_1.0_100_50_0.0_0.8_101_stencil_results_0.01_0.01_0.0_pc.pkl,pc,0.01,0.01,45,3.0,1.0,50,0.8,0.4,0.0,False
ADR_circle_0.0_0.0_50_0.005_0.005_1.0_1.0_constant_9.184850993605148e-17_1.5_1_1.0_0.02_3.0_1.0_100_50_0.0_0.8_101_stencil_results_0.01_0.01_0.0_pc.pkl,pc,0.01,0.01,90,1.5,1.0,50,0.8,0.005,0.0,False
ADR_circle_0.0_0.0_50_0.05_0.05_1.0_1.0_constant_4.0_0.0_1_1.0_0.02_3.0_1.0_100_50_0.0_0.8_101_stencil_results_0.01_0.01_0.0_pc.pkl,pc,0.01,0.01,0,4.0,1.0,50,0.8,0.05,0.0,False
ADR_circle_0.0_0.0_50_0.01_0.01_1.0_1.0_constant_0.25881904510252074_0.9659258262890683_1_1.0_0.02_3.0_1.0_100_50_0.0_0.8_101_stencil_results_0.01_0.01_0.0_pc.pkl,pc,0.01,0.01,75,1.0,1.0,50,0.8,0.01,48.78942714537874,True
ADR_circle_0.0_0.0_50_0.1_0.1_1.0_1.0_constant_2.121320343559643_2.1213203435596424_1_1.0_0.02_3.0_1.0_100_50_0.0_0.8_101_stencil_results_0.01_0.01_0.0_pc.pkl,pc,0.01,0.01,45,3.0,1.0,50,0.8,0.1,0.004723060263415846,False
ADR_circle_0.0_0.0_50_0.1_0.1_1.0_1.0_constant_4.0_0.0_1_1.0_0.02_3.0_1.0_100_50_0.0_0.8_101_stencil_results_0.01_0.01_0.0_pc.pkl,pc,0.01,0.01,0,4.0,1.0,50,0.8,0.1,0.0,False
ADR_circle_0.0_0.0_50_0.05_0.05_1.0_1.0_constant_3.8637033051562732_1.035276180410083_1_1.0_0.02_3.0_1.0_100_50_0.0_0.8_101_stencil_results_0.01_0.01_0.0_pc.pkl,pc,0.01,0.01,15,4.0,1.0,50,0.8,0.05,63.19541721330313,True
ADR_circle_0.0_0.0_50_0.4_0.4_1.0_1.0_constant_4.0_0.0_1_1.0_0.02_3.0_1.0_100_50_0.0_0.8_101_stencil_results_0.01_0.01_0.0_pc.pkl,pc,0.01,0.01,0,4.0,1.0,50,0.8,0.4,0.02524950395934411,False
ADR_circle_0.0_0.0_50_0.1_0.1_1.0_1.0_constant_2.897777478867205_0.7764571353075622_1_1.0_0.02_3.0_1.0_100_50_0.0_0.8_101_stencil_results_0.01_0.01_0.0_pc.pkl,pc,0.01,0.01,15,3.0,1.0,50,0.8,0.1,9.340663066632857,False
ADR_circle_0.0_0.0_50_0.01_0.01_1.0_1.0_constant_1.8369701987210297e-16_3.0_1_1.0_0.02_3.0_1.0_100_50_0.0_0.8_101_stencil_results_0.01_0.01_0.0_pc.pkl,pc,0.01,0.01,90,3.0,1.0,50,0.8,0.01,0.0,False
ADR_circle_0.0_0.0_50_0.005_0.005_1.0_1.0_constant_3.464101615137755_1.9999999999999998_1_1.0_0.02_3.0_1.0_100_50_0.0_0.8_101_stencil_results_0.01_0.01_0.0_pc.pkl,pc,0.01,0.01,30,4.0,1.0,50,0.8,0.005,14.39412069340932,False
ADR_circle_0.0_0.0_50_0.005_0.005_1.0_1.0_constant_0.5000000000000001_0.8660254037844386_1_1.0_0.02_3.0_1.0_100_50_0.0_0.8_101_stencil_results_0.01_0.01_0.0_pc.pkl,pc,0.01,0.01,60,1.0,1.0,50,0.8,0.005,13.217325401694268,False
ADR_circle_0.0_0.0_50_0.4_0.4_1.0_1.0_constant_6.123233995736766e-17_1.0_1_1.0_0.02_3.0_1.0_100_50_0.0_0.8_101_stencil_results_0.01_0.01_0.0_pc.pkl,pc,0.01,0.01,90,1.0,1.0,50,0.8,0.4,0.08261500725728865,False
ADR_circle_0.0_0.0_50_0.4_0.4_1.0_1.0_constant_2.897777478867205_0.7764571353075622_1_1.0_0.02_3.0_1.0_100_50_0.0_0.8_101_stencil_results_0.01_0.01_0.0_pc.pkl,pc,0.01,0.01,15,3.0,1.0,50,0.8,0.4,13.709500919944759,False
ADR_circle_0.0_0.0_50_0.005_0.005_1.0_1.0_constant_1.8369701987210297e-16_3.0_1_1.0_0.02_3.0_1.0_100_50_0.0_0.8_101_stencil_results_0.01_0.01_0.0_pc.pkl,pc,0.01,0.01,90,3.0,1.0,50,0.8,0.005,0.0,False
ADR_circle_0.0_0.0_50_0.2_0.2_1.0_1.0_constant_2.897777478867205_0.7764571353075622_1_1.0_0.02_3.0_1.0_100_50_0.0_0.8_101_stencil_results_0.01_0.01_0.0_pc.pkl,pc,0.01,0.01,15,3.0,1.0,50,0.8,0.2,1.3944212266619616,False
ADR_circle_0.0_0.0_50_0.2_0.2_1.0_1.0_constant_2.0000000000000004_3.4641016151377544_1_1.0_0.02_3.0_1.0_100_50_0.0_0.8_101_stencil_results_0.01_0.01_0.0_pc.pkl,pc,0.01,0.01,60,4.0,1.0,50,0.8,0.2,9.00471428773028,False
ADR_circle_0.0_0.0_50_0.01_0.01_1.0_1.0_constant_2.121320343559643_2.1213203435596424_1_1.0_0.02_3.0_1.0_100_50_0.0_0.8_101_stencil_results_0.01_0.01_0.0_pc.pkl,pc,0.01,0.01,45,3.0,1.0,50,0.8,0.01,0.0,False
ADR_circle_0.0_0.0_50_0.05_0.05_1.0_1.0_constant_2.598076211353316_1.4999999999999998_1_1.0_0.02_3.0_1.0_100_50_0.0_0.8_101_stencil_results_0.01_0.01_0.0_pc.pkl,pc,0.01,0.01,30,3.0,1.0,50,0.8,0.05,1.9341445031985813,False
ADR_circle_0.0_0.0_50_0.2_0.2_1.0_1.0_constant_4.0_0.0_1_1.0_0.02_3.0_1.0_100_50_0.0_0.8_101_stencil_results_0.01_0.01_0.0_pc.pkl,pc,0.01,0.01,0,4.0,1.0,50,0.8,0.2,0.06668090513306879,False
ADR_circle_0.0_0.0_50_0.01_0.01_1.0_1.0_constant_2.897777478867205_0.7764571353075622_1_1.0_0.02_3.0_1.0_100_50_0.0_0.8_101_stencil_results_0.01_0.01_0.0_pc.pkl,pc,0.01,0.01,15,3.0,1.0,50,0.8,0.01,4.063696639531031,False
ADR_circle_0.0_0.0_50_0.2_0.2_1.0_1.0_constant_2.121320343559643_2.1213203435596424_1_1.0_0.02_3.0_1.0_100_50_0.0_0.8_101_stencil_results_0.01_0.01_0.0_pc.pkl,pc,0.01,0.01,45,3.0,1.0,50,0.8,0.2,0.00013546448622037133,False
ADR_circle_0.0_0.0_50_0.005_0.005_1.0_1.0_constant_3.0_0.0_1_1.0_0.02_3.0_1.0_100_50_0.0_0.8_101_stencil_results_0.01_0.01_0.0_pc.pkl,pc,0.01,0.01,0,3.0,1.0,50,0.8,0.005,0.0,False
ADR_circle_0.0_0.0_50_0.01_0.01_1.0_1.0_constant_2.0000000000000004_3.4641016151377544_1_1.0_0.02_3.0_1.0_100_50_0.0_0.8_101_stencil_results_0.01_0.01_0.0_pc.pkl,pc,0.01,0.01,60,4.0,1.0,50,0.8,0.01,2.3342970908110203,False
ADR_circle_0.0_0.0_50_0.05_0.05_1.0_1.0_constant_1.299038105676658_0.7499999999999999_1_1.0_0.02_3.0_1.0_100_50_0.0_0.8_101_stencil_results_0.01_0.01_0.0_pc.pkl,pc,0.01,0.01,30,1.5,1.0,50,0.8,0.05,105.0,True
ADR_circle_0.0_0.0_50_0.01_0.01_1.0_1.0_constant_4.0_0.0_1_1.0_0.02_3.0_1.0_100_50_0.0_0.8_101_stencil_results_0.01_0.01_0.0_pc.pkl,pc,0.01,0.01,0,4.0,1.0,50,0.8,0.01,0.0,False
ADR_circle_0.0_0.0_50_0.4_0.4_1.0_1.0_constant_0.9659258262890683_0.25881904510252074_1_1.0_0.02_3.0_1.0_100_50_0.0_0.8_101_stencil_results_0.01_0.01_0.0_pc.pkl,pc,0.01,0.01,15,1.0,1.0,50,0.8,0.4,28.444558131136148,False
ADR_circle_0.0_0.0_50_0.2_0.2_1.0_1.0_constant_1.8369701987210297e-16_3.0_1_1.0_0.02_3.0_1.0_100_50_0.0_0.8_101_stencil_results_0.01_0.01_0.0_pc.pkl,pc,0.01,0.01,90,3.0,1.0,50,0.8,0.2,0.0009209427320229224,False
ADR_circle_0.0_0.0_50_0.1_0.1_1.0_1.0_constant_1.0606601717798214_1.0606601717798212_1_1.0_0.02_3.0_1.0_100_50_0.0_0.8_101_stencil_results_0.01_0.01_0.0_pc.pkl,pc,0.01,0.01,45,1.5,1.0,50,0.8,0.1,0.014379292035727076,False
ADR_circle_0.0_0.0_50_0.4_0.4_1.0_1.0_constant_0.3882285676537811_1.4488887394336025_1_1.0_0.02_3.0_1.0_100_50_0.0_0.8_101_stencil_results_0.01_0.01_0.0_pc.pkl,pc,0.01,0.01,75,1.5,1.0,50,0.8,0.4,6.988307079782885,False
ADR_circle_0.0_0.0_50_0.4_0.4_1.0_1.0_constant_1.8369701987210297e-16_3.0_1_1.0_0.02_3.0_1.0_100_50_0.0_0.8_101_stencil_results_0.01_0.01_0.0_pc.pkl,pc,0.01,0.01,90,3.0,1.0,50,0.8,0.4,0.04009876641674737,False
ADR_circle_0.0_0.0_50_0.1_0.1_1.0_1.0_constant_0.7764571353075622_2.897777478867205_1_1.0_0.02_3.0_1.0_100_50_0.0_0.8_101_stencil_results_0.01_0.01_0.0_pc.pkl,pc,0.01,0.01,75,3.0,1.0,50,0.8,0.1,9.331167605765813,False
ADR_circle_0.0_0.0_50_0.4_0.4_1.0_1.0_constant_0.7764571353075622_2.897777478867205_1_1.0_0.02_3.0_1.0_100_50_0.0_0.8_101_stencil_results_0.01_0.01_0.0_pc.pkl,pc,0.01,0.01,75,3.0,1.0,50,0.8,0.4,13.716127531769672,False
ADR_circle_0.0_0.0_50_0.4_0.4_1.0_1.0_constant_0.7071067811865476_0.7071067811865475_1_1.0_0.02_3.0_1.0_100_50_0.0_0.8_101_stencil_results_0.01_0.01_0.0_pc.pkl,pc,0.01,0.01,45,1.0,1.0,50,0.8,0.4,179.56353306744785,True
ADR_circle_0.0_0.0_50_0.2_0.2_1.0_1.0_constant_1.7677669529663689_1.7677669529663687_1_1.0_0.02_3.0_1.0_100_50_0.0_0.8_101_stencil_results_0.01_0.01_0.0_pc.pkl,pc,0.01,0.01,45,2.5,1.0,50,0.8,0.2,0.0,False
ADR_circle_0.0_0.0_50_0.4_0.4_1.0_1.0_constant_3.8637033051562732_1.035276180410083_1_1.0_0.02_3.0_1.0_100_50_0.0_0.8_101_stencil_results_0.01_0.01_0.0_pc.pkl,pc,0.01,0.01,15,4.0,1.0,50,0.8,0.4,17.958558707955945,False
ADR_circle_0.0_0.0_50_0.1_0.1_1.0_1.0_constant_0.9659258262890683_0.25881904510252074_1_1.0_0.02_3.0_1.0_100_50_0.0_0.8_101_stencil_results_0.01_0.01_0.0_pc.pkl,pc,0.01,0.01,15,1.0,1.0,50,0.8,0.1,15.0,False
ADR_circle_0.0_0.0_50_0.4_0.4_1.0_1.0_constant_0.5000000000000001_0.8660254037844386_1_1.0_0.02_3.0_1.0_100_50_0.0_0.8_101_stencil_results_0.01_0.01_0.0_pc.pkl,pc,0.01,0.01,60,1.0,1.0,50,0.8,0.4,42.480340838197094,False
ADR_circle_0.0_0.0_50_0.2_0.2_1.0_1.0_constant_1.2500000000000002_2.1650635094610964_1_1.0_0.02_3.0_1.0_100_50_0.0_0.8_101_stencil_results_0.01_0.01_0.0_pc.pkl,pc,0.01,0.01,60,2.5,1.0,50,0.8,0.2,7.174298132086619,False
ADR_circle_0.0_0.0_50_0.01_0.01_1.0_1.0_constant_1.7320508075688774_0.9999999999999999_1_1.0_0.02_3.0_1.0_100_50_0.0_0.8_101_stencil_results_0.01_0.01_0.0_pc.pkl,pc,0.01,0.01,30,2.0,1.0,50,0.8,0.01,3.9964237954424675,False
ADR_circle_0.0_0.0_50_0.05_0.05_1.0_1.0_constant_1.0606601717798214_1.0606601717798212_1_1.0_0.02_3.0_1.0_100_50_0.0_0.8_101_stencil_results_0.01_0.01_0.0_pc.pkl,pc,0.01,0.01,45,1.5,1.0,50,0.8,0.05,0.006812162536334654,False
ADR_circle_0.0_0.0_50_0.005_0.005_1.0_1.0_constant_0.9659258262890683_0.25881904510252074_1_1.0_0.02_3.0_1.0_100_50_0.0_0.8_101_stencil_results_0.01_0.01_0.0_pc.pkl,pc,0.01,0.01,15,1.0,1.0,50,0.8,0.005,3.47286604170057,False
ADR_circle_0.0_0.0_50_0.01_0.01_1.0_1.0_constant_0.6470476127563018_2.4148145657226707_1_1.0_0.02_3.0_1.0_100_50_0.0_0.8_101_stencil_results_0.01_0.01_0.0_pc.pkl,pc,0.01,0.01,75,2.5,1.0,50,0.8,0.01,13.934207671901532,False
ADR_circle_0.0_0.0_50_0.2_0.2_1.0_1.0_constant_2.598076211353316_1.4999999999999998_1_1.0_0.02_3.0_1.0_100_50_0.0_0.8_101_stencil_results_0.01_0.01_0.0_pc.pkl,pc,0.01,0.01,30,3.0,1.0,50,0.8,0.2,14.803196964332614,False
ADR_circle_0.0_0.0_50_0.01_0.01_1.0_1.0_constant_1.9318516525781366_0.5176380902050415_1_1.0_0.02_3.0_1.0_100_50_0.0_0.8_101_stencil_results_0.01_0.01_0.0_pc.pkl,pc,0.01,0.01,15,2.0,1.0,50,0.8,0.01,14.634830066662943,False
ADR_circle_0.0_0.0_50_0.05_0.05_1.0_1.0_constant_2.897777478867205_0.7764571353075622_1_1.0_0.02_3.0_1.0_100_50_0.0_0.8_101_stencil_results_0.01_0.01_0.0_pc.pkl,pc,0.01,0.01,15,3.0,1.0,50,0.8,0.05,0.9599782353105866,False
ADR_circle_0.0_0.0_50_0.1_0.1_1.0_1.0_constant_3.8637033051562732_1.035276180410083_1_1.0_0.02_3.0_1.0_100_50_0.0_0.8_101_stencil_results_0.01_0.01_0.0_pc.pkl,pc,0.01,0.01,15,4.0,1.0,50,0.8,0.1,55.486613190190155,True
ADR_circle_0.0_0.0_50_0.05_0.05_1.0_1.0_constant_2.121320343559643_2.1213203435596424_1_1.0_0.02_3.0_1.0_100_50_0.0_0.8_101_stencil_results_0.01_0.01_0.0_pc.pkl,pc,0.01,0.01,45,3.0,1.0,50,0.8,0.05,0.003805706948696752,False
ADR_circle_0.0_0.0_50_0.01_0.01_1.0_1.0_constant_2.598076211353316_1.4999999999999998_1_1.0_0.02_3.0_1.0_100_50_0.0_0.8_101_stencil_results_0.01_0.01_0.0_pc.pkl,pc,0.01,0.01,30,3.0,1.0,50,0.8,0.01,13.072931723261775,False
ADR_circle_0.0_0.0_50_0.005_0.005_1.0_1.0_constant_1.5_0.0_1_1.0_0.02_3.0_1.0_100_50_0.0_0.8_101_stencil_results_0.01_0.01_0.0_pc.pkl,pc,0.01,0.01,0,1.5,1.0,50,0.8,0.005,0.0,False
ADR_circle_0.0_0.0_50_0.01_0.01_1.0_1.0_constant_1.7677669529663689_1.7677669529663687_1_1.0_0.02_3.0_1.0_100_50_0.0_0.8_101_stencil_results_0.01_0.01_0.0_pc.pkl,pc,0.01,0.01,45,2.5,1.0,50,0.8,0.01,0.0,False
ADR_circle_0.0_0.0_50_0.005_0.005_1.0_1.0_constant_0.7500000000000002_1.299038105676658_1_1.0_0.02_3.0_1.0_100_50_0.0_0.8_101_stencil_results_0.01_0.01_0.0_pc.pkl,pc,0.01,0.01,60,1.5,1.0,50,0.8,0.005,3.844178845835444,False
ADR_circle_0.0_0.0_50_0.01_0.01_1.0_1.0_constant_1.2500000000000002_2.1650635094610964_1_1.0_0.02_3.0_1.0_100_50_0.0_0.8_101_stencil_results_0.01_0.01_0.0_pc.pkl,pc,0.01,0.01,60,2.5,1.0,50,0.8,0.01,9.091421459997406,False
ADR_circle_0.0_0.0_50_0.2_0.2_1.0_1.0_constant_1.7320508075688774_0.9999999999999999_1_1.0_0.02_3.0_1.0_100_50_0.0_0.8_101_stencil_results_0.01_0.01_0.0_pc.pkl,pc,0.01,0.01,30,2.0,1.0,50,0.8,0.2,36.95479865486138,False
ADR_circle_0.0_0.0_50_0.2_0.2_1.0_1.0_constant_0.6470476127563018_2.4148145657226707_1_1.0_0.02_3.0_1.0_100_50_0.0_0.8_101_stencil_results_0.01_0.01_0.0_pc.pkl,pc,0.01,0.01,75,2.5,1.0,50,0.8,0.2,7.103315161981357,False
ADR_circle_0.0_0.0_50_0.2_0.2_1.0_1.0_constant_1.9318516525781366_0.5176380902050415_1_1.0_0.02_3.0_1.0_100_50_0.0_0.8_101_stencil_results_0.01_0.01_0.0_pc.pkl,pc,0.01,0.01,15,2.0,1.0,50,0.8,0.2,4.857288640287493,False
ADR_circle_0.0_0.0_50_0.4_0.4_1.0_1.0_constant_2.165063509461097_1.2499999999999998_1_1.0_0.02_3.0_1.0_100_50_0.0_0.8_101_stencil_results_0.01_0.01_0.0_pc.pkl,pc,0.01,0.01,30,2.5,1.0,50,0.8,0.4,37.19599831379816,False
ADR_circle_0.0_0.0_50_0.01_0.01_1.0_1.0_constant_1.4488887394336025_0.3882285676537811_1_1.0_0.02_3.0_1.0_100_50_0.0_0.8_101_stencil_results_0.01_0.01_0.0_pc.pkl,pc,0.01,0.01,15,1.5,1.0,50,0.8,0.01,12.51833559497311,False
ADR_circle_0.0_0.0_50_0.05_0.05_1.0_1.0_constant_2.4492935982947064e-16_4.0_1_1.0_0.02_3.0_1.0_100_50_0.0_0.8_101_stencil_results_0.01_0.01_0.0_pc.pkl,pc,0.01,0.01,90,4.0,1.0,50,0.8,0.05,0.0,False
ADR_circle_0.0_0.0_50_0.2_0.2_1.0_1.0_constant_1.299038105676658_0.7499999999999999_1_1.0_0.02_3.0_1.0_100_50_0.0_0.8_101_stencil_results_0.01_0.01_0.0_pc.pkl,pc,0.01,0.01,30,1.5,1.0,50,0.8,0.2,56.06325843634529,True
ADR_circle_0.0_0.0_50_0.05_0.05_1.0_1.0_constant_1.5308084989341916e-16_2.5_1_1.0_0.02_3.0_1.0_100_50_0.0_0.8_101_stencil_results_0.01_0.01_0.0_pc.pkl,pc,0.01,0.01,90,2.5,1.0,50,0.8,0.05,0.0061368634005702916,False
ADR_circle_0.0_0.0_50_0.01_0.01_1.0_1.0_constant_1.2246467991473532e-16_2.0_1_1.0_0.02_3.0_1.0_100_50_0.0_0.8_101_stencil_results_0.01_0.01_0.0_pc.pkl,pc,0.01,0.01,90,2.0,1.0,50,0.8,0.01,7.005974961771244e-05,False
ADR_circle_0.0_0.0_50_0.1_0.1_1.0_1.0_constant_2.165063509461097_1.2499999999999998_1_1.0_0.02_3.0_1.0_100_50_0.0_0.8_101_stencil_results_0.01_0.01_0.0_pc.pkl,pc,0.01,0.01,30,2.5,1.0,50,0.8,0.1,18.22826031252106,False
ADR_circle_0.0_0.0_50_0.2_0.2_1.0_1.0_constant_1.4488887394336025_0.3882285676537811_1_1.0_0.02_3.0_1.0_100_50_0.0_0.8_101_stencil_results_0.01_0.01_0.0_pc.pkl,pc,0.01,0.01,15,1.5,1.0,50,0.8,0.2,52.424342026761735,True
ADR_circle_0.0_0.0_50_0.005_0.005_1.0_1.0_constant_1.0606601717798214_1.0606601717798212_1_1.0_0.02_3.0_1.0_100_50_0.0_0.8_101_stencil_results_0.01_0.01_0.0_pc.pkl,pc,0.01,0.01,45,1.5,1.0,50,0.8,0.005,0.0,False
ADR_circle_0.0_0.0_50_0.005_0.005_1.0_1.0_constant_2.0_0.0_1_1.0_0.02_3.0_1.0_100_50_0.0_0.8_101_stencil_results_0.01_0.01_0.0_pc.pkl,pc,0.01,0.01,0,2.0,1.0,50,0.8,0.005,0.0,False
ADR_circle_0.0_0.0_50_0.01_0.01_1.0_1.0_constant_1.299038105676658_0.7499999999999999_1_1.0_0.02_3.0_1.0_100_50_0.0_0.8_101_stencil_results_0.01_0.01_0.0_pc.pkl,pc,0.01,0.01,30,1.5,1.0,50,0.8,0.01,7.0114770304098215,False
ADR_circle_0.0_0.0_50_0.005_0.005_1.0_1.0_constant_1.5308084989341916e-16_2.5_1_1.0_0.02_3.0_1.0_100_50_0.0_0.8_101_stencil_results_0.01_0.01_0.0_pc.pkl,pc,0.01,0.01,90,2.5,1.0,50,0.8,0.005,0.0,False
ADR_circle_0.0_0.0_50_0.05_0.05_1.0_1.0_constant_1.7677669529663689_1.7677669529663687_1_1.0_0.02_3.0_1.0_100_50_0.0_0.8_101_stencil_results_0.01_0.01_0.0_pc.pkl,pc,0.01,0.01,45,2.5,1.0,50,0.8,0.05,0.00498837649070083,False
ADR_circle_0.0_0.0_50_0.4_0.4_1.0_1.0_constant_3.464101615137755_1.9999999999999998_1_1.0_0.02_3.0_1.0_100_50_0.0_0.8_101_stencil_results_0.01_0.01_0.0_pc.pkl,pc,0.01,0.01,30,4.0,1.0,50,0.8,0.4,87.00247942637549,True
ADR_circle_0.0_0.0_50_0.2_0.2_1.0_1.0_constant_1.0606601717798214_1.0606601717798212_1_1.0_0.02_3.0_1.0_100_50_0.0_0.8_101_stencil_results_0.01_0.01_0.0_pc.pkl,pc,0.01,0.01,45,1.5,1.0,50,0.8,0.2,0.0,False
ADR_circle_0.0_0.0_50_0.05_0.05_1.0_1.0_constant_1.2500000000000002_2.1650635094610964_1_1.0_0.02_3.0_1.0_100_50_0.0_0.8_101_stencil_results_0.01_0.01_0.0_pc.pkl,pc,0.01,0.01,60,2.5,1.0,50,0.8,0.05,14.553820909809758,False
ADR_circle_0.0_0.0_50_0.005_0.005_1.0_1.0_constant_1.4488887394336025_0.3882285676537811_1_1.0_0.02_3.0_1.0_100_50_0.0_0.8_101_stencil_results_0.01_0.01_0.0_pc.pkl,pc,0.01,0.01,15,1.5,1.0,50,0.8,0.005,12.753003735323745,False
ADR_circle_0.0_0.0_50_0.1_0.1_1.0_1.0_constant_3.464101615137755_1.9999999999999998_1_1.0_0.02_3.0_1.0_100_50_0.0_0.8_101_stencil_results_0.01_0.01_0.0_pc.pkl,pc,0.01,0.01,30,4.0,1.0,50,0.8,0.1,11.514789260387971,False
ADR_circle_0.0_0.0_50_0.005_0.005_1.0_1.0_constant_2.897777478867205_0.7764571353075622_1_1.0_0.02_3.0_1.0_100_50_0.0_0.8_101_stencil_results_0.01_0.01_0.0_pc.pkl,pc,0.01,0.01,15,3.0,1.0,50,0.8,0.005,14.5594323723422,False
ADR_circle_0.0_0.0_50_0.005_0.005_1.0_1.0_constant_4.0_0.0_1_1.0_0.02_3.0_1.0_100_50_0.0_0.8_101_stencil_results_0.01_0.01_0.0_pc.pkl,pc,0.01,0.01,0,4.0,1.0,50,0.8,0.005,0.0,False
ADR_circle_0.0_0.0_50_0.005_0.005_1.0_1.0_constant_2.4492935982947064e-16_4.0_1_1.0_0.02_3.0_1.0_100_50_0.0_0.8_101_stencil_results_0.01_0.01_0.0_pc.pkl,pc,0.01,0.01,90,4.0,1.0,50,0.8,0.005,0.0,False
ADR_circle_0.0_0.0_50_0.005_0.005_1.0_1.0_constant_2.121320343559643_2.1213203435596424_1_1.0_0.02_3.0_1.0_100_50_0.0_0.8_101_stencil_results_0.01_0.01_0.0_pc.pkl,pc,0.01,0.01,45,3.0,1.0,50,0.8,0.005,0.0,False
ADR_circle_0.0_0.0_50_0.05_0.05_1.0_1.0_constant_6.123233995736766e-17_1.0_1_1.0_0.02_3.0_1.0_100_50_0.0_0.8_101_stencil_results_0.01_0.01_0.0_pc.pkl,pc,0.01,0.01,90,1.0,1.0,50,0.8,0.05,1.3971298817153865,False
ADR_circle_0.0_0.0_50_0.05_0.05_1.0_1.0_constant_0.25881904510252074_0.9659258262890683_1_1.0_0.02_3.0_1.0_100_50_0.0_0.8_101_stencil_results_0.01_0.01_0.0_pc.pkl,pc,0.01,0.01,75,1.0,1.0,50,0.8,0.05,11.54235647831257,False
ADR_circle_0.0_0.0_50_0.01_0.01_1.0_1.0_constant_2.8284271247461903_2.82842712474619_1_1.0_0.02_3.0_1.0_100_50_0.0_0.8_101_stencil_results_0.01_0.01_0.0_pc.pkl,pc,0.01,0.01,45,4.0,1.0,50,0.8,0.01,0.0,False
ADR_circle_0.0_0.0_50_0.05_0.05_1.0_1.0_constant_0.7500000000000002_1.299038105676658_1_1.0_0.02_3.0_1.0_100_50_0.0_0.8_101_stencil_results_0.01_0.01_0.0_pc.pkl,pc,0.01,0.01,60,1.5,1.0,50,0.8,0.05,105.0,True
ADR_circle_0.0_0.0_50_0.01_0.01_1.0_1.0_constant_1.0606601717798214_1.0606601717798212_1_1.0_0.02_3.0_1.0_100_50_0.0_0.8_101_stencil_results_0.01_0.01_0.0_pc.pkl,pc,0.01,0.01,45,1.5,1.0,50,0.8,0.01,0.0,False
ADR_circle_0.0_0.0_50_0.05_0.05_1.0_1.0_constant_1.7320508075688774_0.9999999999999999_1_1.0_0.02_3.0_1.0_100_50_0.0_0.8_101_stencil_results_0.01_0.01_0.0_pc.pkl,pc,0.01,0.01,30,2.0,1.0,50,0.8,0.05,4.200623225535736,False
ADR_circle_0.0_0.0_50_0.05_0.05_1.0_1.0_constant_0.6470476127563018_2.4148145657226707_1_1.0_0.02_3.0_1.0_100_50_0.0_0.8_101_stencil_results_0.01_0.01_0.0_pc.pkl,pc,0.01,0.01,75,2.5,1.0,50,0.8,0.05,2.934457343120414,False
ADR_circle_0.0_0.0_50_0.2_0.2_1.0_1.0_constant_3.0_0.0_1_1.0_0.02_3.0_1.0_100_50_0.0_0.8_101_stencil_results_0.01_0.01_0.0_pc.pkl,pc,0.01,0.01,0,3.0,1.0,50,0.8,0.2,0.005979334565381578,False
ADR_circle_0.0_0.0_50_0.05_0.05_1.0_1.0_constant_1.9318516525781366_0.5176380902050415_1_1.0_0.02_3.0_1.0_100_50_0.0_0.8_101_stencil_results_0.01_0.01_0.0_pc.pkl,pc,0.01,0.01,15,2.0,1.0,50,0.8,0.05,5.104478248989636,False
ADR_circle_0.0_0.0_50_0.2_0.2_1.0_1.0_constant_1.5308084989341916e-16_2.5_1_1.0_0.02_3.0_1.0_100_50_0.0_0.8_101_stencil_results_0.01_0.01_0.0_pc.pkl,pc,0.01,0.01,90,2.5,1.0,50,0.8,0.2,0.000207725947916515,False
ADR_circle_0.0_0.0_50_0.2_0.2_1.0_1.0_constant_6.123233995736766e-17_1.0_1_1.0_0.02_3.0_1.0_100_50_0.0_0.8_101_stencil_results_0.01_0.01_0.0_pc.pkl,pc,0.01,0.01,90,1.0,1.0,50,0.8,0.2,179.99999999999994,True
ADR_circle_0.0_0.0_50_0.005_0.005_1.0_1.0_constant_0.6470476127563018_2.4148145657226707_1_1.0_0.02_3.0_1.0_100_50_0.0_0.8_101_stencil_results_0.01_0.01_0.0_pc.pkl,pc,0.01,0.01,75,2.5,1.0,50,0.8,0.005,14.347039188186045,False
ADR_circle_0.0_0.0_50_0.005_0.005_1.0_1.0_constant_1.9318516525781366_0.5176380902050415_1_1.0_0.02_3.0_1.0_100_50_0.0_0.8_101_stencil_results_0.01_0.01_0.0_pc.pkl,pc,0.01,0.01,15,2.0,1.0,50,0.8,0.005,13.68727908442358,False
ADR_circle_0.0_0.0_50_0.005_0.005_1.0_1.0_constant_1.7320508075688774_0.9999999999999999_1_1.0_0.02_3.0_1.0_100_50_0.0_0.8_101_stencil_results_0.01_0.01_0.0_pc.pkl,pc,0.01,0.01,30,2.0,1.0,50,0.8,0.005,36.92108639306275,False
ADR_circle_0.0_0.0_50_0.4_0.4_1.0_1.0_constant_1.4142135623730951_1.414213562373095_1_1.0_0.02_3.0_1.0_100_50_0.0_0.8_101_stencil_results_0.01_0.01_0.0_pc.pkl,pc,0.01,0.01,45,2.0,1.0,50,0.8,0.4,2.842170943040401e-14,False
ADR_circle_0.0_0.0_50_0.2_0.2_1.0_1.0_constant_0.8660254037844387_0.49999999999999994_1_1.0_0.02_3.0_1.0_100_50_0.0_0.8_101_stencil_results_0.01_0.01_0.0_pc.pkl,pc,0.01,0.01,30,1.0,1.0,50,0.8,0.2,106.44956961355086,True
ADR_circle_0.0_0.0_50_0.1_0.1_1.0_1.0_constant_2.0000000000000004_3.4641016151377544_1_1.0_0.02_3.0_1.0_100_50_0.0_0.8_101_stencil_results_0.01_0.01_0.0_pc.pkl,pc,0.01,0.01,60,4.0,1.0,50,0.8,0.1,11.564841722287326,False
ADR_circle_0.0_0.0_50_0.1_0.1_1.0_1.0_constant_1.4142135623730951_1.414213562373095_1_1.0_0.02_3.0_1.0_100_50_0.0_0.8_101_stencil_results_0.01_0.01_0.0_pc.pkl,pc,0.01,0.01,45,2.0,1.0,50,0.8,0.1,0.009636088911378238,False
ADR_circle_0.0_0.0_50_0.2_0.2_1.0_1.0_constant_2.4492935982947064e-16_4.0_1_1.0_0.02_3.0_1.0_100_50_0.0_0.8_101_stencil_results_0.01_0.01_0.0_pc.pkl,pc,0.01,0.01,90,4.0,1.0,50,0.8,0.2,0.043806165630769556,False
ADR_circle_0.0_0.0_50_0.05_0.05_1.0_1.0_constant_1.4488887394336025_0.3882285676537811_1_1.0_0.02_3.0_1.0_100_50_0.0_0.8_101_stencil_results_0.01_0.01_0.0_pc.pkl,pc,0.01,0.01,15,1.5,1.0,50,0.8,0.05,23.61948814068191,False
ADR_circle_0.0_0.0_50_0.1_0.1_1.0_1.0_constant_1.035276180410083_3.8637033051562732_1_1.0_0.02_3.0_1.0_100_50_0.0_0.8_101_stencil_results_0.01_0.01_0.0_pc.pkl,pc,0.01,0.01,75,4.0,1.0,50,0.8,0.1,55.51576541446079,True
ADR_circle_0.0_0.0_50_0.005_0.005_1.0_1.0_constant_1.2500000000000002_2.1650635094610964_1_1.0_0.02_3.0_1.0_100_50_0.0_0.8_101_stencil_results_0.01_0.01_0.0_pc.pkl,pc,0.01,0.01,60,2.5,1.0,50,0.8,0.005,8.922645141426187,False
ADR_circle_0.0_0.0_50_0.01_0.01_1.0_1.0_constant_3.0_0.0_1_1.0_0.02_3.0_1.0_100_50_0.0_0.8_101_stencil_results_0.01_0.01_0.0_pc.pkl,pc,0.01,0.01,0,3.0,1.0,50,0.8,0.01,0.0,False
ADR_circle_0.0_0.0_50_0.01_0.01_1.0_1.0_constant_0.9659258262890683_0.25881904510252074_1_1.0_0.02_3.0_1.0_100_50_0.0_0.8_101_stencil_results_0.01_0.01_0.0_pc.pkl,pc,0.01,0.01,15,1.0,1.0,50,0.8,0.01,48.8905971076702,True
ADR_circle_0.0_0.0_50_0.4_0.4_1.0_1.0_constant_2.4492935982947064e-16_4.0_1_1.0_0.02_3.0_1.0_100_50_0.0_0.8_101_stencil_results_0.01_0.01_0.0_pc.pkl,pc,0.01,0.01,90,4.0,1.0,50,0.8,0.4,0.008042037761526899,False
ADR_circle_0.0_0.0_50_0.4_0.4_1.0_1.0_constant_1.5308084989341916e-16_2.5_1_1.0_0.02_3.0_1.0_100_50_0.0_0.8_101_stencil_results_0.01_0.01_0.0_pc.pkl,pc,0.01,0.01,90,2.5,1.0,50,0.8,0.4,179.77451904697534,True
ADR_circle_0.0_0.0_50_0.005_0.005_1.0_1.0_constant_1.7677669529663689_1.7677669529663687_1_1.0_0.02_3.0_1.0_100_50_0.0_0.8_101_stencil_results_0.01_0.01_0.0_pc.pkl,pc,0.01,0.01,45,2.5,1.0,50,0.8,0.005,0.0,False
ADR_circle_0.0_0.0_50_0.1_0.1_1.0_1.0_constant_1.2246467991473532e-16_2.0_1_1.0_0.02_3.0_1.0_100_50_0.0_0.8_101_stencil_results_0.01_0.01_0.0_pc.pkl,pc,0.01,0.01,90,2.0,1.0,50,0.8,0.1,0.0019454199132269423,False
ADR_circle_0.0_0.0_50_0.1_0.1_1.0_1.0_constant_6.123233995736766e-17_1.0_1_1.0_0.02_3.0_1.0_100_50_0.0_0.8_101_stencil_results_0.01_0.01_0.0_pc.pkl,pc,0.01,0.01,90,1.0,1.0,50,0.8,0.1,180.0,True
ADR_circle_0.0_0.0_50_0.4_0.4_1.0_1.0_constant_1.035276180410083_3.8637033051562732_1_1.0_0.02_3.0_1.0_100_50_0.0_0.8_101_stencil_results_0.01_0.01_0.0_pc.pkl,pc,0.01,0.01,75,4.0,1.0,50,0.8,0.4,17.99209280692787,False
ADR_circle_0.0_0.0_50_0.2_0.2_1.0_1.0_constant_0.25881904510252074_0.9659258262890683_1_1.0_0.02_3.0_1.0_100_50_0.0_0.8_101_stencil_results_0.01_0.01_0.0_pc.pkl,pc,0.01,0.01,75,1.0,1.0,50,0.8,0.2,28.152615716884412,False
ADR_circle_0.0_0.0_50_0.05_0.05_1.0_1.0_constant_2.8284271247461903_2.82842712474619_1_1.0_0.02_3.0_1.0_100_50_0.0_0.8_101_stencil_results_0.01_0.01_0.0_pc.pkl,pc,0.01,0.01,45,4.0,1.0,50,0.8,0.05,0.0025072183180441243,False
ADR_circle_0.0_0.0_50_0.01_0.01_1.0_1.0_constant_0.7500000000000002_1.299038105676658_1_1.0_0.02_3.0_1.0_100_50_0.0_0.8_101_stencil_results_0.01_0.01_0.0_pc.pkl,pc,0.01,0.01,60,1.5,1.0,50,0.8,0.01,7.140880046749658,False
ADR_circle_0.0_0.0_50_0.4_0.4_1.0_1.0_constant_0.5176380902050415_1.9318516525781366_1_1.0_0.02_3.0_1.0_100_50_0.0_0.8_101_stencil_results_0.01_0.01_0.0_pc.pkl,pc,0.01,0.01,75,2.0,1.0,50,0.8,0.4,61.046001699913944,True
ADR_circle_0.0_0.0_50_0.05_0.05_1.0_1.0_constant_2.0000000000000004_3.4641016151377544_1_1.0_0.02_3.0_1.0_100_50_0.0_0.8_101_stencil_results_0.01_0.01_0.0_pc.pkl,pc,0.01,0.01,60,4.0,1.0,50,0.8,0.05,15.223770114260077,False
ADR_circle_0.0_0.0_50_0.1_0.1_1.0_1.0_constant_1.0_0.0_1_1.0_0.02_3.0_1.0_100_50_0.0_0.8_101_stencil_results_0.01_0.01_0.0_pc.pkl,pc,0.01,0.01,0,1.0,1.0,50,0.8,0.1,180.0,True
ADR_circle_0.0_0.0_50_0.4_0.4_1.0_1.0_constant_1.0_0.0_1_1.0_0.02_3.0_1.0_100_50_0.0_0.8_101_stencil_results_0.01_0.01_0.0_pc.pkl,pc,0.01,0.01,0,1.0,1.0,50,0.8,0.4,0.1015055102186011,False
ADR_circle_0.0_0.0_50_0.005_0.005_1.0_1.0_constant_2.598076211353316_1.4999999999999998_1_1.0_0.02_3.0_1.0_100_50_0.0_0.8_101_stencil_results_0.01_0.01_0.0_pc.pkl,pc,0.01,0.01,30,3.0,1.0,50,0.8,0.005,0.0224385308054309,False
ADR_circle_0.0_0.0_50_0.1_0.1_1.0_1.0_constant_1.4488887394336025_0.3882285676537811_1_1.0_0.02_3.0_1.0_100_50_0.0_0.8_101_stencil_results_0.01_0.01_0.0_pc.pkl,pc,0.01,0.01,15,1.5,1.0,50,0.8,0.1,11.27426071806434,False
ADR_circle_0.0_0.0_50_0.01_0.01_1.0_1.0_constant_2.0_0.0_1_1.0_0.02_3.0_1.0_100_50_0.0_0.8_101_stencil_results_0.01_0.01_0.0_pc.pkl,pc,0.01,0.01,0,2.0,1.0,50,0.8,0.01,0.00035703748588389317,False
ADR_circle_0.0_0.0_50_0.2_0.2_1.0_1.0_constant_1.5_0.0_1_1.0_0.02_3.0_1.0_100_50_0.0_0.8_101_stencil_results_0.01_0.01_0.0_pc.pkl,pc,0.01,0.01,0,1.5,1.0,50,0.8,0.2,0.04866938435918655,False
ADR_circle_0.0_0.0_50_0.05_0.05_1.0_1.0_constant_1.0_0.0_1_1.0_0.02_3.0_1.0_100_50_0.0_0.8_101_stencil_results_0.01_0.01_0.0_pc.pkl,pc,0.01,0.01,0,1.0,1.0,50,0.8,0.05,0.33444448397051474,False
ADR_circle_0.0_0.0_50_0.4_0.4_1.0_1.0_constant_2.4148145657226707_0.6470476127563018_1_1.0_0.02_3.0_1.0_100_50_0.0_0.8_101_stencil_results_0.01_0.01_0.0_pc.pkl,pc,0.01,0.01,15,2.5,1.0,50,0.8,0.4,24.43174211488531,False
ADR_circle_0.0_0.0_50_0.4_0.4_1.0_1.0_constant_1.0000000000000002_1.7320508075688772_1_1.0_0.02_3.0_1.0_100_50_0.0_0.8_101_stencil_results_0.01_0.01_0.0_pc.pkl,pc,0.01,0.01,60,2.0,1.0,50,0.8,0.4,34.49519484438156,False
ADR_circle_0.0_0.0_50_0.05_0.05_1.0_1.0_constant_9.184850993605148e-17_1.5_1_1.0_0.02_3.0_1.0_100_50_0.0_0.8_101_stencil_results_0.01_0.01_0.0_pc.pkl,pc,0.01,0.01,90,1.5,1.0,50,0.8,0.05,0.0022704656732059902,False
ADR_circle_0.0_0.0_50_0.2_0.2_1.0_1.0_constant_0.7500000000000002_1.299038105676658_1_1.0_0.02_3.0_1.0_100_50_0.0_0.8_101_stencil_results_0.01_0.01_0.0_pc.pkl,pc,0.01,0.01,60,1.5,1.0,50,0.8,0.2,55.8744697192804,True
ADR_circle_0.0_0.0_50_0.4_0.4_1.0_1.0_constant_1.5000000000000004_2.598076211353316_1_1.0_0.02_3.0_1.0_100_50_0.0_0.8_101_stencil_results_0.01_0.01_0.0_pc.pkl,pc,0.01,0.01,60,3.0,1.0,50,0.8,0.4,0.8460611046051838,False
ADR_circle_0.0_0.0_50_0.05_0.05_1.0_1.0_constant_1.8369701987210297e-16_3.0_1_1.0_0.02_3.0_1.0_100_50_0.0_0.8_101_stencil_results_0.01_0.01_0.0_pc.pkl,pc,0.01,0.01,90,3.0,1.0,50,0.8,0.05,0.05493828933589384,False
ADR_circle_0.0_0.0_50_0.4_0.4_1.0_1.0_constant_2.5_0.0_1_1.0_0.02_3.0_1.0_100_50_0.0_0.8_101_stencil_results_0.01_0.01_0.0_pc.pkl,pc,0.01,0.01,0,2.5,1.0,50,0.8,0.4,179.69129376697654,True
ADR_circle_0.0_0.0_50_0.1_0.1_1.0_1.0_constant_2.5_0.0_1_1.0_0.02_3.0_1.0_100_50_0.0_0.8_101_stencil_results_0.01_0.01_0.0_pc.pkl,pc,0.01,0.01,0,2.5,1.0,50,0.8,0.1,0.007980367044694958,False
ADR_circle_0.0_0.0_50_0.005_0.005_1.0_1.0_constant_1.299038105676658_0.7499999999999999_1_1.0_0.02_3.0_1.0_100_50_0.0_0.8_101_stencil_results_0.01_0.01_0.0_pc.pkl,pc,0.01,0.01,30,1.5,1.0,50,0.8,0.005,4.031306983959496,False
ADR_circle_0.0_0.0_50_0.1_0.1_1.0_1.0_constant_1.7677669529663689_1.7677669529663687_1_1.0_0.02_3.0_1.0_100_50_0.0_0.8_101_stencil_results_0.01_0.01_0.0_pc.pkl,pc,0.01,0.01,45,2.5,1.0,50,0.8,0.1,0.0019023956125181485,False
ADR_circle_0.0_0.0_50_0.1_0.1_1.0_1.0_constant_1.2500000000000002_2.1650635094610964_1_1.0_0.02_3.0_1.0_100_50_0.0_0.8_101_stencil_results_0.01_0.01_0.0_pc.pkl,pc,0.01,0.01,60,2.5,1.0,50,0.8,0.1,18.14029864364545,False
ADR_circle_0.0_0.0_50_0.1_0.1_1.0_1.0_constant_1.5000000000000004_2.598076211353316_1_1.0_0.02_3.0_1.0_100_50_0.0_0.8_101_stencil_results_0.01_0.01_0.0_pc.pkl,pc,0.01,0.01,60,3.0,1.0,50,0.8,0.1,14.44864755557498,False
ADR_circle_0.0_0.0_50_0.2_0.2_1.0_1.0_constant_9.184850993605148e-17_1.5_1_1.0_0.02_3.0_1.0_100_50_0.0_0.8_101_stencil_results_0.01_0.01_0.0_pc.pkl,pc,0.01,0.01,90,1.5,1.0,50,0.8,0.2,0.06387682837956277,False
ADR_circle_0.0_0.0_50_0.005_0.005_1.0_1.0_constant_2.0000000000000004_3.4641016151377544_1_1.0_0.02_3.0_1.0_100_50_0.0_0.8_101_stencil_results_0.01_0.01_0.0_pc.pkl,pc,0.01,0.01,60,4.0,1.0,50,0.8,0.005,14.38606458617133,False
ADR_circle_0.0_0.0_50_0.1_0.1_1.0_1.0_constant_9.184850993605148e-17_1.5_1_1.0_0.02_3.0_1.0_100_50_0.0_0.8_101_stencil_results_0.01_0.01_0.0_pc.pkl,pc,0.01,0.01,90,1.5,1.0,50,0.8,0.1,0.0,False
ADR_circle_0.0_0.0_50_0.05_0.05_1.0_1.0_constant_2.5_0.0_1_1.0_0.02_3.0_1.0_100_50_0.0_0.8_101_stencil_results_0.01_0.01_0.0_pc.pkl,pc,0.01,0.01,0,2.5,1.0,50,0.8,0.05,0.00911288873197691,False
ADR_circle_0.0_0.0_50_0.2_0.2_1.0_1.0_constant_2.0_0.0_1_1.0_0.02_3.0_1.0_100_50_0.0_0.8_101_stencil_results_0.01_0.01_0.0_pc.pkl,pc,0.01,0.01,0,2.0,1.0,50,0.8,0.2,179.86625412503582,True
ADR_circle_0.0_0.0_50_0.05_0.05_1.0_1.0_constant_0.8660254037844387_0.49999999999999994_1_1.0_0.02_3.0_1.0_100_50_0.0_0.8_101_stencil_results_0.01_0.01_0.0_pc.pkl,pc,0.01,0.01,30,1.0,1.0,50,0.8,0.05,12.187276824677951,False
ADR_circle_0.0_0.0_50_0.01_0.01_1.0_1.0_constant_1.5_0.0_1_1.0_0.02_3.0_1.0_100_50_0.0_0.8_101_stencil_results_0.01_0.01_0.0_pc.pkl,pc,0.01,0.01,0,1.5,1.0,50,0.8,0.01,0.0010504700083515672,False
ADR_circle_0.0_0.0_50_0.1_0.1_1.0_1.0_constant_0.6470476127563018_2.4148145657226707_1_1.0_0.02_3.0_1.0_100_50_0.0_0.8_101_stencil_results_0.01_0.01_0.0_pc.pkl,pc,0.01,0.01,75,2.5,1.0,50,0.8,0.1,50.0894342513254,True
ADR_circle_0.0_0.0_50_0.1_0.1_1.0_1.0_constant_1.9318516525781366_0.5176380902050415_1_1.0_0.02_3.0_1.0_100_50_0.0_0.8_101_stencil_results_0.01_0.01_0.0_pc.pkl,pc,0.01,0.01,15,2.0,1.0,50,0.8,0.1,6.507914181553986,False
ADR_circle_0.0_0.0_50_0.1_0.1_1.0_1.0_constant_1.7320508075688774_0.9999999999999999_1_1.0_0.02_3.0_1.0_100_50_0.0_0.8_101_stencil_results_0.01_0.01_0.0_pc.pkl,pc,0.01,0.01,30,2.0,1.0,50,0.8,0.1,3.5859811308057488,False
